customer_id	customer_name	email	city	last_modified_at
1	Customer 1	customer1@gmail.com	Coimbatore	2026-06-03T12:55:00.034230+01:00
2	Customer 2	customer2@gmail.com	Madurai	2026-06-03T12:54:00.034230+01:00
3	Customer 3	customer3@gmail.com	Madurai	2026-06-03T12:53:00.034230+01:00
4	Customer 4	customer4@gmail.com	Madurai	2026-06-03T12:52:00.034230+01:00
5	Customer 5	customer5@gmail.com	Chennai	2026-06-03T12:51:00.034230+01:00
6	Customer 6	customer6@gmail.com	Trichy	2026-06-03T12:50:00.034230+01:00
7	Customer 7	customer7@gmail.com	Trichy	2026-06-03T12:49:00.034230+01:00
8	Customer 8	customer8@gmail.com	Chennai	2026-06-03T12:48:00.034230+01:00
9	Customer 9	customer9@gmail.com	Chennai	2026-06-03T12:47:00.034230+01:00
10	Customer 10	customer10@gmail.com	Coimbatore	2026-06-03T12:46:00.034230+01:00
11	Customer 11	customer11@gmail.com	Chennai	2026-06-03T12:45:00.034230+01:00
12	Customer 12	customer12@gmail.com	Trichy	2026-06-03T12:44:00.034230+01:00
13	Customer 13	customer13@gmail.com	Chennai	2026-06-03T12:43:00.034230+01:00
14	Customer 14	customer14@gmail.com	Trichy	2026-06-03T12:42:00.034230+01:00
15	Customer 15	customer15@gmail.com	Coimbatore	2026-06-03T12:41:00.034230+01:00
16	Customer 16	customer16@gmail.com	Coimbatore	2026-06-03T12:40:00.034230+01:00
17	Customer 17	customer17@gmail.com	Chennai	2026-06-03T12:39:00.034230+01:00
18	Customer 18	customer18@gmail.com	Madurai	2026-06-03T12:38:00.034230+01:00
19	Customer 19	customer19@gmail.com	Trichy	2026-06-03T12:37:00.034230+01:00
20	Customer 20	customer20@gmail.com	Trichy	2026-06-03T12:36:00.034230+01:00
21	Customer 21	customer21@gmail.com	Coimbatore	2026-06-03T12:35:00.034230+01:00
22	Customer 22	customer22@gmail.com	Coimbatore	2026-06-03T12:34:00.034230+01:00
23	Customer 23	customer23@gmail.com	Chennai	2026-06-03T12:33:00.034230+01:00
24	Customer 24	customer24@gmail.com	Madurai	2026-06-03T12:32:00.034230+01:00
25	Customer 25	customer25@gmail.com	Trichy	2026-06-03T12:31:00.034230+01:00
26	Customer 26	customer26@gmail.com	Madurai	2026-06-03T12:30:00.034230+01:00
27	Customer 27	customer27@gmail.com	Trichy	2026-06-03T12:29:00.034230+01:00
28	Customer 28	customer28@gmail.com	Coimbatore	2026-06-03T12:28:00.034230+01:00
29	Customer 29	customer29@gmail.com	Trichy	2026-06-03T12:27:00.034230+01:00
30	Customer 30	customer30@gmail.com	Trichy	2026-06-03T12:26:00.034230+01:00
31	Customer 31	customer31@gmail.com	Trichy	2026-06-03T12:25:00.034230+01:00
32	Customer 32	customer32@gmail.com	Chennai	2026-06-03T12:24:00.034230+01:00
33	Customer 33	customer33@gmail.com	Madurai	2026-06-03T12:23:00.034230+01:00
34	Customer 34	customer34@gmail.com	Trichy	2026-06-03T12:22:00.034230+01:00
35	Customer 35	customer35@gmail.com	Trichy	2026-06-03T12:21:00.034230+01:00
36	Customer 36	customer36@gmail.com	Madurai	2026-06-03T12:20:00.034230+01:00
37	Customer 37	customer37@gmail.com	Madurai	2026-06-03T12:19:00.034230+01:00
38	Customer 38	customer38@gmail.com	Trichy	2026-06-03T12:18:00.034230+01:00
39	Customer 39	customer39@gmail.com	Madurai	2026-06-03T12:17:00.034230+01:00
40	Customer 40	customer40@gmail.com	Trichy	2026-06-03T12:16:00.034230+01:00
41	Customer 41	customer41@gmail.com	Coimbatore	2026-06-03T12:15:00.034230+01:00
42	Customer 42	customer42@gmail.com	Madurai	2026-06-03T12:14:00.034230+01:00
43	Customer 43	customer43@gmail.com	Madurai	2026-06-03T12:13:00.034230+01:00
44	Customer 44	customer44@gmail.com	Trichy	2026-06-03T12:12:00.034230+01:00
45	Customer 45	customer45@gmail.com	Coimbatore	2026-06-03T12:11:00.034230+01:00
46	Customer 46	customer46@gmail.com	Trichy	2026-06-03T12:10:00.034230+01:00
47	Customer 47	customer47@gmail.com	Madurai	2026-06-03T12:09:00.034230+01:00
48	Customer 48	customer48@gmail.com	Coimbatore	2026-06-03T12:08:00.034230+01:00
49	Customer 49	customer49@gmail.com	Chennai	2026-06-03T12:07:00.034230+01:00
50	Customer 50	customer50@gmail.com	Trichy	2026-06-03T12:06:00.034230+01:00
51	Customer 51	customer51@gmail.com	Chennai	2026-06-03T12:05:00.034230+01:00
52	Customer 52	customer52@gmail.com	Trichy	2026-06-03T12:04:00.034230+01:00
53	Customer 53	customer53@gmail.com	Coimbatore	2026-06-03T12:03:00.034230+01:00
54	Customer 54	customer54@gmail.com	Madurai	2026-06-03T12:02:00.034230+01:00
55	Customer 55	customer55@gmail.com	Madurai	2026-06-03T12:01:00.034230+01:00
56	Customer 56	customer56@gmail.com	Trichy	2026-06-03T12:00:00.034230+01:00
57	Customer 57	customer57@gmail.com	Trichy	2026-06-03T11:59:00.034230+01:00
58	Customer 58	customer58@gmail.com	Chennai	2026-06-03T11:58:00.034230+01:00
59	Customer 59	customer59@gmail.com	Chennai	2026-06-03T11:57:00.034230+01:00
60	Customer 60	customer60@gmail.com	Chennai	2026-06-03T11:56:00.034230+01:00
61	Customer 61	customer61@gmail.com	Chennai	2026-06-03T11:55:00.034230+01:00
62	Customer 62	customer62@gmail.com	Trichy	2026-06-03T11:54:00.034230+01:00
63	Customer 63	customer63@gmail.com	Coimbatore	2026-06-03T11:53:00.034230+01:00
64	Customer 64	customer64@gmail.com	Chennai	2026-06-03T11:52:00.034230+01:00
65	Customer 65	customer65@gmail.com	Coimbatore	2026-06-03T11:51:00.034230+01:00
66	Customer 66	customer66@gmail.com	Chennai	2026-06-03T11:50:00.034230+01:00
67	Customer 67	customer67@gmail.com	Chennai	2026-06-03T11:49:00.034230+01:00
68	Customer 68	customer68@gmail.com	Madurai	2026-06-03T11:48:00.034230+01:00
69	Customer 69	customer69@gmail.com	Coimbatore	2026-06-03T11:47:00.034230+01:00
70	Customer 70	customer70@gmail.com	Madurai	2026-06-03T11:46:00.034230+01:00
71	Customer 71	customer71@gmail.com	Chennai	2026-06-03T11:45:00.034230+01:00
72	Customer 72	customer72@gmail.com	Chennai	2026-06-03T11:44:00.034230+01:00
73	Customer 73	customer73@gmail.com	Coimbatore	2026-06-03T11:43:00.034230+01:00
74	Customer 74	customer74@gmail.com	Chennai	2026-06-03T11:42:00.034230+01:00
75	Customer 75	customer75@gmail.com	Chennai	2026-06-03T11:41:00.034230+01:00
76	Customer 76	customer76@gmail.com	Chennai	2026-06-03T11:40:00.034230+01:00
77	Customer 77	customer77@gmail.com	Trichy	2026-06-03T11:39:00.034230+01:00
78	Customer 78	customer78@gmail.com	Chennai	2026-06-03T11:38:00.034230+01:00
79	Customer 79	customer79@gmail.com	Chennai	2026-06-03T11:37:00.034230+01:00
80	Customer 80	customer80@gmail.com	Trichy	2026-06-03T11:36:00.034230+01:00
81	Customer 81	customer81@gmail.com	Coimbatore	2026-06-03T11:35:00.034230+01:00
82	Customer 82	customer82@gmail.com	Coimbatore	2026-06-03T11:34:00.034230+01:00
83	Customer 83	customer83@gmail.com	Coimbatore	2026-06-03T11:33:00.034230+01:00
84	Customer 84	customer84@gmail.com	Chennai	2026-06-03T11:32:00.034230+01:00
85	Customer 85	customer85@gmail.com	Coimbatore	2026-06-03T11:31:00.034230+01:00
86	Customer 86	customer86@gmail.com	Madurai	2026-06-03T11:30:00.034230+01:00
87	Customer 87	customer87@gmail.com	Coimbatore	2026-06-03T11:29:00.034230+01:00
88	Customer 88	customer88@gmail.com	Trichy	2026-06-03T11:28:00.034230+01:00
89	Customer 89	customer89@gmail.com	Coimbatore	2026-06-03T11:27:00.034230+01:00
90	Customer 90	customer90@gmail.com	Trichy	2026-06-03T11:26:00.034230+01:00
91	Customer 91	customer91@gmail.com	Madurai	2026-06-03T11:25:00.034230+01:00
92	Customer 92	customer92@gmail.com	Chennai	2026-06-03T11:24:00.034230+01:00
93	Customer 93	customer93@gmail.com	Coimbatore	2026-06-03T11:23:00.034230+01:00
94	Customer 94	customer94@gmail.com	Coimbatore	2026-06-03T11:22:00.034230+01:00
95	Customer 95	customer95@gmail.com	Trichy	2026-06-03T11:21:00.034230+01:00
96	Customer 96	customer96@gmail.com	Chennai	2026-06-03T11:20:00.034230+01:00
97	Customer 97	customer97@gmail.com	Madurai	2026-06-03T11:19:00.034230+01:00
98	Customer 98	customer98@gmail.com	Chennai	2026-06-03T11:18:00.034230+01:00
99	Customer 99	customer99@gmail.com	Trichy	2026-06-03T11:17:00.034230+01:00
100	Customer 100	customer100@gmail.com	Coimbatore	2026-06-03T11:16:00.034230+01:00
101	Customer 101	customer101@gmail.com	Chennai	2026-06-03T11:15:00.034230+01:00
102	Customer 102	customer102@gmail.com	Coimbatore	2026-06-03T11:14:00.034230+01:00
103	Customer 103	customer103@gmail.com	Madurai	2026-06-03T11:13:00.034230+01:00
104	Customer 104	customer104@gmail.com	Coimbatore	2026-06-03T11:12:00.034230+01:00
105	Customer 105	customer105@gmail.com	Chennai	2026-06-03T11:11:00.034230+01:00
106	Customer 106	customer106@gmail.com	Chennai	2026-06-03T11:10:00.034230+01:00
107	Customer 107	customer107@gmail.com	Coimbatore	2026-06-03T11:09:00.034230+01:00
108	Customer 108	customer108@gmail.com	Chennai	2026-06-03T11:08:00.034230+01:00
109	Customer 109	customer109@gmail.com	Madurai	2026-06-03T11:07:00.034230+01:00
110	Customer 110	customer110@gmail.com	Trichy	2026-06-03T11:06:00.034230+01:00
111	Customer 111	customer111@gmail.com	Madurai	2026-06-03T11:05:00.034230+01:00
112	Customer 112	customer112@gmail.com	Coimbatore	2026-06-03T11:04:00.034230+01:00
113	Customer 113	customer113@gmail.com	Trichy	2026-06-03T11:03:00.034230+01:00
114	Customer 114	customer114@gmail.com	Coimbatore	2026-06-03T11:02:00.034230+01:00
115	Customer 115	customer115@gmail.com	Coimbatore	2026-06-03T11:01:00.034230+01:00
116	Customer 116	customer116@gmail.com	Trichy	2026-06-03T11:00:00.034230+01:00
117	Customer 117	customer117@gmail.com	Trichy	2026-06-03T10:59:00.034230+01:00
118	Customer 118	customer118@gmail.com	Trichy	2026-06-03T10:58:00.034230+01:00
119	Customer 119	customer119@gmail.com	Coimbatore	2026-06-03T10:57:00.034230+01:00
120	Customer 120	customer120@gmail.com	Trichy	2026-06-03T10:56:00.034230+01:00
121	Customer 121	customer121@gmail.com	Trichy	2026-06-03T12:55:00.034230+01:00
122	Customer 122	customer122@gmail.com	Madurai	2026-06-03T12:54:00.034230+01:00
123	Customer 123	customer123@gmail.com	Trichy	2026-06-03T12:53:00.034230+01:00
124	Customer 124	customer124@gmail.com	Madurai	2026-06-03T12:52:00.034230+01:00
125	Customer 125	customer125@gmail.com	Madurai	2026-06-03T12:51:00.034230+01:00
126	Customer 126	customer126@gmail.com	Coimbatore	2026-06-03T12:50:00.034230+01:00
127	Customer 127	customer127@gmail.com	Madurai	2026-06-03T12:49:00.034230+01:00
128	Customer 128	customer128@gmail.com	Madurai	2026-06-03T12:48:00.034230+01:00
129	Customer 129	customer129@gmail.com	Madurai	2026-06-03T12:47:00.034230+01:00
130	Customer 130	customer130@gmail.com	Trichy	2026-06-03T12:46:00.034230+01:00
131	Customer 131	customer131@gmail.com	Trichy	2026-06-03T12:45:00.034230+01:00
132	Customer 132	customer132@gmail.com	Trichy	2026-06-03T12:44:00.034230+01:00
133	Customer 133	customer133@gmail.com	Chennai	2026-06-03T12:43:00.034230+01:00
134	Customer 134	customer134@gmail.com	Trichy	2026-06-03T12:42:00.034230+01:00
135	Customer 135	customer135@gmail.com	Coimbatore	2026-06-03T12:41:00.034230+01:00
136	Customer 136	customer136@gmail.com	Madurai	2026-06-03T12:40:00.034230+01:00
137	Customer 137	customer137@gmail.com	Madurai	2026-06-03T12:39:00.034230+01:00
138	Customer 138	customer138@gmail.com	Madurai	2026-06-03T12:38:00.034230+01:00
139	Customer 139	customer139@gmail.com	Chennai	2026-06-03T12:37:00.034230+01:00
140	Customer 140	customer140@gmail.com	Chennai	2026-06-03T12:36:00.034230+01:00
141	Customer 141	customer141@gmail.com	Chennai	2026-06-03T12:35:00.034230+01:00
142	Customer 142	customer142@gmail.com	Trichy	2026-06-03T12:34:00.034230+01:00
143	Customer 143	customer143@gmail.com	Chennai	2026-06-03T12:33:00.034230+01:00
144	Customer 144	customer144@gmail.com	Madurai	2026-06-03T12:32:00.034230+01:00
145	Customer 145	customer145@gmail.com	Madurai	2026-06-03T12:31:00.034230+01:00
146	Customer 146	customer146@gmail.com	Trichy	2026-06-03T12:30:00.034230+01:00
147	Customer 147	customer147@gmail.com	Chennai	2026-06-03T12:29:00.034230+01:00
148	Customer 148	customer148@gmail.com	Chennai	2026-06-03T12:28:00.034230+01:00
149	Customer 149	customer149@gmail.com	Madurai	2026-06-03T12:27:00.034230+01:00
150	Customer 150	customer150@gmail.com	Coimbatore	2026-06-03T12:26:00.034230+01:00
151	Customer 151	customer151@gmail.com	Madurai	2026-06-03T12:25:00.034230+01:00
152	Customer 152	customer152@gmail.com	Coimbatore	2026-06-03T12:24:00.034230+01:00
153	Customer 153	customer153@gmail.com	Chennai	2026-06-03T12:23:00.034230+01:00
154	Customer 154	customer154@gmail.com	Chennai	2026-06-03T12:22:00.034230+01:00
155	Customer 155	customer155@gmail.com	Trichy	2026-06-03T12:21:00.034230+01:00
156	Customer 156	customer156@gmail.com	Trichy	2026-06-03T12:20:00.034230+01:00
157	Customer 157	customer157@gmail.com	Chennai	2026-06-03T12:19:00.034230+01:00
158	Customer 158	customer158@gmail.com	Chennai	2026-06-03T12:18:00.034230+01:00
159	Customer 159	customer159@gmail.com	Chennai	2026-06-03T12:17:00.034230+01:00
160	Customer 160	customer160@gmail.com	Coimbatore	2026-06-03T12:16:00.034230+01:00
161	Customer 161	customer161@gmail.com	Coimbatore	2026-06-03T12:15:00.034230+01:00
162	Customer 162	customer162@gmail.com	Trichy	2026-06-03T12:14:00.034230+01:00
163	Customer 163	customer163@gmail.com	Chennai	2026-06-03T12:13:00.034230+01:00
164	Customer 164	customer164@gmail.com	Trichy	2026-06-03T12:12:00.034230+01:00
165	Customer 165	customer165@gmail.com	Trichy	2026-06-03T12:11:00.034230+01:00
166	Customer 166	customer166@gmail.com	Coimbatore	2026-06-03T12:10:00.034230+01:00
167	Customer 167	customer167@gmail.com	Madurai	2026-06-03T12:09:00.034230+01:00
168	Customer 168	customer168@gmail.com	Coimbatore	2026-06-03T12:08:00.034230+01:00
169	Customer 169	customer169@gmail.com	Trichy	2026-06-03T12:07:00.034230+01:00
170	Customer 170	customer170@gmail.com	Trichy	2026-06-03T12:06:00.034230+01:00
171	Customer 171	customer171@gmail.com	Madurai	2026-06-03T12:05:00.034230+01:00
172	Customer 172	customer172@gmail.com	Madurai	2026-06-03T12:04:00.034230+01:00
173	Customer 173	customer173@gmail.com	Madurai	2026-06-03T12:03:00.034230+01:00
174	Customer 174	customer174@gmail.com	Madurai	2026-06-03T12:02:00.034230+01:00
175	Customer 175	customer175@gmail.com	Trichy	2026-06-03T12:01:00.034230+01:00
176	Customer 176	customer176@gmail.com	Trichy	2026-06-03T12:00:00.034230+01:00
177	Customer 177	customer177@gmail.com	Chennai	2026-06-03T11:59:00.034230+01:00
178	Customer 178	customer178@gmail.com	Chennai	2026-06-03T11:58:00.034230+01:00
179	Customer 179	customer179@gmail.com	Trichy	2026-06-03T11:57:00.034230+01:00
180	Customer 180	customer180@gmail.com	Madurai	2026-06-03T11:56:00.034230+01:00
181	Customer 181	customer181@gmail.com	Chennai	2026-06-03T11:55:00.034230+01:00
182	Customer 182	customer182@gmail.com	Coimbatore	2026-06-03T11:54:00.034230+01:00
183	Customer 183	customer183@gmail.com	Chennai	2026-06-03T11:53:00.034230+01:00
184	Customer 184	customer184@gmail.com	Trichy	2026-06-03T11:52:00.034230+01:00
185	Customer 185	customer185@gmail.com	Trichy	2026-06-03T11:51:00.034230+01:00
186	Customer 186	customer186@gmail.com	Chennai	2026-06-03T11:50:00.034230+01:00
187	Customer 187	customer187@gmail.com	Madurai	2026-06-03T11:49:00.034230+01:00
188	Customer 188	customer188@gmail.com	Coimbatore	2026-06-03T11:48:00.034230+01:00
189	Customer 189	customer189@gmail.com	Madurai	2026-06-03T11:47:00.034230+01:00
190	Customer 190	customer190@gmail.com	Coimbatore	2026-06-03T11:46:00.034230+01:00
191	Customer 191	customer191@gmail.com	Madurai	2026-06-03T11:45:00.034230+01:00
192	Customer 192	customer192@gmail.com	Trichy	2026-06-03T11:44:00.034230+01:00
193	Customer 193	customer193@gmail.com	Coimbatore	2026-06-03T11:43:00.034230+01:00
194	Customer 194	customer194@gmail.com	Coimbatore	2026-06-03T11:42:00.034230+01:00
195	Customer 195	customer195@gmail.com	Coimbatore	2026-06-03T11:41:00.034230+01:00
196	Customer 196	customer196@gmail.com	Madurai	2026-06-03T11:40:00.034230+01:00
197	Customer 197	customer197@gmail.com	Trichy	2026-06-03T11:39:00.034230+01:00
198	Customer 198	customer198@gmail.com	Coimbatore	2026-06-03T11:38:00.034230+01:00
199	Customer 199	customer199@gmail.com	Madurai	2026-06-03T11:37:00.034230+01:00
200	Customer 200	customer200@gmail.com	Coimbatore	2026-06-03T11:36:00.034230+01:00
201	Customer 201	customer201@gmail.com	Chennai	2026-06-03T11:35:00.034230+01:00
202	Customer 202	customer202@gmail.com	Trichy	2026-06-03T11:34:00.034230+01:00
203	Customer 203	customer203@gmail.com	Madurai	2026-06-03T11:33:00.034230+01:00
204	Customer 204	customer204@gmail.com	Trichy	2026-06-03T11:32:00.034230+01:00
205	Customer 205	customer205@gmail.com	Trichy	2026-06-03T11:31:00.034230+01:00
206	Customer 206	customer206@gmail.com	Coimbatore	2026-06-03T11:30:00.034230+01:00
207	Customer 207	customer207@gmail.com	Trichy	2026-06-03T11:29:00.034230+01:00
208	Customer 208	customer208@gmail.com	Coimbatore	2026-06-03T11:28:00.034230+01:00
209	Customer 209	customer209@gmail.com	Madurai	2026-06-03T11:27:00.034230+01:00
210	Customer 210	customer210@gmail.com	Trichy	2026-06-03T11:26:00.034230+01:00
211	Customer 211	customer211@gmail.com	Chennai	2026-06-03T11:25:00.034230+01:00
212	Customer 212	customer212@gmail.com	Chennai	2026-06-03T11:24:00.034230+01:00
213	Customer 213	customer213@gmail.com	Trichy	2026-06-03T11:23:00.034230+01:00
214	Customer 214	customer214@gmail.com	Trichy	2026-06-03T11:22:00.034230+01:00
215	Customer 215	customer215@gmail.com	Chennai	2026-06-03T11:21:00.034230+01:00
216	Customer 216	customer216@gmail.com	Trichy	2026-06-03T11:20:00.034230+01:00
217	Customer 217	customer217@gmail.com	Chennai	2026-06-03T11:19:00.034230+01:00
218	Customer 218	customer218@gmail.com	Madurai	2026-06-03T11:18:00.034230+01:00
219	Customer 219	customer219@gmail.com	Madurai	2026-06-03T11:17:00.034230+01:00
220	Customer 220	customer220@gmail.com	Chennai	2026-06-03T11:16:00.034230+01:00
221	Customer 221	customer221@gmail.com	Coimbatore	2026-06-03T11:15:00.034230+01:00
222	Customer 222	customer222@gmail.com	Chennai	2026-06-03T11:14:00.034230+01:00
223	Customer 223	customer223@gmail.com	Trichy	2026-06-03T11:13:00.034230+01:00
224	Customer 224	customer224@gmail.com	Madurai	2026-06-03T11:12:00.034230+01:00
225	Customer 225	customer225@gmail.com	Trichy	2026-06-03T11:11:00.034230+01:00
226	Customer 226	customer226@gmail.com	Chennai	2026-06-03T11:10:00.034230+01:00
227	Customer 227	customer227@gmail.com	Trichy	2026-06-03T11:09:00.034230+01:00
228	Customer 228	customer228@gmail.com	Coimbatore	2026-06-03T11:08:00.034230+01:00
229	Customer 229	customer229@gmail.com	Trichy	2026-06-03T11:07:00.034230+01:00
230	Customer 230	customer230@gmail.com	Madurai	2026-06-03T11:06:00.034230+01:00
231	Customer 231	customer231@gmail.com	Chennai	2026-06-03T11:05:00.034230+01:00
232	Customer 232	customer232@gmail.com	Coimbatore	2026-06-03T11:04:00.034230+01:00
233	Customer 233	customer233@gmail.com	Coimbatore	2026-06-03T11:03:00.034230+01:00
234	Customer 234	customer234@gmail.com	Coimbatore	2026-06-03T11:02:00.034230+01:00
235	Customer 235	customer235@gmail.com	Chennai	2026-06-03T11:01:00.034230+01:00
236	Customer 236	customer236@gmail.com	Coimbatore	2026-06-03T11:00:00.034230+01:00
237	Customer 237	customer237@gmail.com	Trichy	2026-06-03T10:59:00.034230+01:00
238	Customer 238	customer238@gmail.com	Trichy	2026-06-03T10:58:00.034230+01:00
239	Customer 239	customer239@gmail.com	Coimbatore	2026-06-03T10:57:00.034230+01:00
240	Customer 240	customer240@gmail.com	Trichy	2026-06-03T10:56:00.034230+01:00
241	Customer 241	customer241@gmail.com	Coimbatore	2026-06-03T12:55:00.034230+01:00
242	Customer 242	customer242@gmail.com	Madurai	2026-06-03T12:54:00.034230+01:00
243	Customer 243	customer243@gmail.com	Trichy	2026-06-03T12:53:00.034230+01:00
244	Customer 244	customer244@gmail.com	Coimbatore	2026-06-03T12:52:00.034230+01:00
245	Customer 245	customer245@gmail.com	Coimbatore	2026-06-03T12:51:00.034230+01:00
246	Customer 246	customer246@gmail.com	Coimbatore	2026-06-03T12:50:00.034230+01:00
247	Customer 247	customer247@gmail.com	Chennai	2026-06-03T12:49:00.034230+01:00
248	Customer 248	customer248@gmail.com	Madurai	2026-06-03T12:48:00.034230+01:00
249	Customer 249	customer249@gmail.com	Madurai	2026-06-03T12:47:00.034230+01:00
250	Customer 250	customer250@gmail.com	Coimbatore	2026-06-03T12:46:00.034230+01:00
251	Customer 251	customer251@gmail.com	Madurai	2026-06-03T13:01:00.034230+01:00
252	Customer 252	customer252@gmail.com	Chennai	2026-06-03T13:02:00.034230+01:00
253	Customer 253	customer253@gmail.com	Coimbatore	2026-06-03T13:03:00.034230+01:00
254	Customer 254	customer254@gmail.com	Coimbatore	2026-06-03T13:04:00.034230+01:00
255	Customer 255	customer255@gmail.com	Madurai	2026-06-03T13:05:00.034230+01:00
256	Customer 256	customer256@gmail.com	Madurai	2026-06-03T13:06:00.034230+01:00
257	Customer 257	customer257@gmail.com	Madurai	2026-06-03T13:07:00.034230+01:00
258	Customer 258	customer258@gmail.com	Trichy	2026-06-03T13:08:00.034230+01:00
259	Customer 259	customer259@gmail.com	Coimbatore	2026-06-03T13:09:00.034230+01:00
260	Customer 260	customer260@gmail.com	Trichy	2026-06-03T13:10:00.034230+01:00
261	Customer 261	customer261@gmail.com	Trichy	2026-06-03T13:11:00.034230+01:00
262	Customer 262	customer262@gmail.com	Madurai	2026-06-03T13:12:00.034230+01:00
263	Customer 263	customer263@gmail.com	Chennai	2026-06-03T13:13:00.034230+01:00
264	Customer 264	customer264@gmail.com	Trichy	2026-06-03T13:14:00.034230+01:00
265	Customer 265	customer265@gmail.com	Madurai	2026-06-03T13:15:00.034230+01:00
266	Customer 266	customer266@gmail.com	Chennai	2026-06-03T13:16:00.034230+01:00
267	Customer 267	customer267@gmail.com	Trichy	2026-06-03T13:17:00.034230+01:00
268	Customer 268	customer268@gmail.com	Madurai	2026-06-03T13:18:00.034230+01:00
269	Customer 269	customer269@gmail.com	Chennai	2026-06-03T13:19:00.034230+01:00
270	Customer 270	customer270@gmail.com	Trichy	2026-06-03T13:20:00.034230+01:00
271	Customer 271	customer271@gmail.com	Madurai	2026-06-03T13:21:00.034230+01:00
272	Customer 272	customer272@gmail.com	Trichy	2026-06-03T13:22:00.034230+01:00
273	Customer 273	customer273@gmail.com	Chennai	2026-06-03T13:23:00.034230+01:00
274	Customer 274	customer274@gmail.com	Coimbatore	2026-06-03T13:24:00.034230+01:00
275	Customer 275	customer275@gmail.com	Coimbatore	2026-06-03T13:25:00.034230+01:00
276	Customer 276	customer276@gmail.com	Trichy	2026-06-03T13:26:00.034230+01:00
277	Customer 277	customer277@gmail.com	Chennai	2026-06-03T13:27:00.034230+01:00
278	Customer 278	customer278@gmail.com	Coimbatore	2026-06-03T13:28:00.034230+01:00
279	Customer 279	customer279@gmail.com	Coimbatore	2026-06-03T13:29:00.034230+01:00
280	Customer 280	customer280@gmail.com	Madurai	2026-06-03T13:30:00.034230+01:00
281	Customer 281	customer281@gmail.com	Trichy	2026-06-03T13:31:00.034230+01:00
282	Customer 282	customer282@gmail.com	Coimbatore	2026-06-03T13:32:00.034230+01:00
283	Customer 283	customer283@gmail.com	Chennai	2026-06-03T13:33:00.034230+01:00
284	Customer 284	customer284@gmail.com	Trichy	2026-06-03T13:34:00.034230+01:00
285	Customer 285	customer285@gmail.com	Chennai	2026-06-03T13:35:00.034230+01:00
286	Customer 286	customer286@gmail.com	Trichy	2026-06-03T13:36:00.034230+01:00
287	Customer 287	customer287@gmail.com	Coimbatore	2026-06-03T13:37:00.034230+01:00
288	Customer 288	customer288@gmail.com	Coimbatore	2026-06-03T13:38:00.034230+01:00
289	Customer 289	customer289@gmail.com	Madurai	2026-06-03T13:39:00.034230+01:00
290	Customer 290	customer290@gmail.com	Coimbatore	2026-06-03T13:40:00.034230+01:00
291	Customer 291	customer291@gmail.com	Trichy	2026-06-03T13:41:00.034230+01:00
292	Customer 292	customer292@gmail.com	Trichy	2026-06-03T13:42:00.034230+01:00
293	Customer 293	customer293@gmail.com	Chennai	2026-06-03T13:43:00.034230+01:00
294	Customer 294	customer294@gmail.com	Coimbatore	2026-06-03T13:44:00.034230+01:00
295	Customer 295	customer295@gmail.com	Trichy	2026-06-03T13:45:00.034230+01:00
296	Customer 296	customer296@gmail.com	Chennai	2026-06-03T13:46:00.034230+01:00
297	Customer 297	customer297@gmail.com	Coimbatore	2026-06-03T13:47:00.034230+01:00
298	Customer 298	customer298@gmail.com	Madurai	2026-06-03T13:48:00.034230+01:00
299	Customer 299	customer299@gmail.com	Coimbatore	2026-06-03T13:49:00.034230+01:00
300	Customer 300	customer300@gmail.com	Coimbatore	2026-06-03T13:50:00.034230+01:00
301	Customer 301	customer301@gmail.com	Chennai	2026-06-03T13:51:00.034230+01:00
302	Customer 302	customer302@gmail.com	Trichy	2026-06-03T13:52:00.034230+01:00
303	Customer 303	customer303@gmail.com	Trichy	2026-06-03T13:53:00.034230+01:00
304	Customer 304	customer304@gmail.com	Chennai	2026-06-03T13:54:00.034230+01:00
305	Customer 305	customer305@gmail.com	Trichy	2026-06-03T13:55:00.034230+01:00
306	Customer 306	customer306@gmail.com	Trichy	2026-06-03T13:56:00.034230+01:00
307	Customer 307	customer307@gmail.com	Coimbatore	2026-06-03T13:57:00.034230+01:00
308	Customer 308	customer308@gmail.com	Coimbatore	2026-06-03T13:58:00.034230+01:00
309	Customer 309	customer309@gmail.com	Madurai	2026-06-03T13:59:00.034230+01:00
310	Customer 310	customer310@gmail.com	Trichy	2026-06-03T14:00:00.034230+01:00
311	Customer 311	customer311@gmail.com	Trichy	2026-06-03T14:01:00.034230+01:00
312	Customer 312	customer312@gmail.com	Chennai	2026-06-03T14:02:00.034230+01:00
313	Customer 313	customer313@gmail.com	Chennai	2026-06-03T14:03:00.034230+01:00
314	Customer 314	customer314@gmail.com	Trichy	2026-06-03T14:04:00.034230+01:00
315	Customer 315	customer315@gmail.com	Madurai	2026-06-03T14:05:00.034230+01:00
316	Customer 316	customer316@gmail.com	Trichy	2026-06-03T14:06:00.034230+01:00
317	Customer 317	customer317@gmail.com	Coimbatore	2026-06-03T14:07:00.034230+01:00
318	Customer 318	customer318@gmail.com	Madurai	2026-06-03T14:08:00.034230+01:00
319	Customer 319	customer319@gmail.com	Trichy	2026-06-03T14:09:00.034230+01:00
320	Customer 320	customer320@gmail.com	Trichy	2026-06-03T14:10:00.034230+01:00
321	Customer 321	customer321@gmail.com	Trichy	2026-06-03T14:11:00.034230+01:00
322	Customer 322	customer322@gmail.com	Trichy	2026-06-03T14:12:00.034230+01:00
323	Customer 323	customer323@gmail.com	Chennai	2026-06-03T14:13:00.034230+01:00
324	Customer 324	customer324@gmail.com	Coimbatore	2026-06-03T14:14:00.034230+01:00
325	Customer 325	customer325@gmail.com	Coimbatore	2026-06-03T14:15:00.034230+01:00
326	Customer 326	customer326@gmail.com	Chennai	2026-06-03T14:16:00.034230+01:00
327	Customer 327	customer327@gmail.com	Chennai	2026-06-03T14:17:00.034230+01:00
328	Customer 328	customer328@gmail.com	Trichy	2026-06-03T14:18:00.034230+01:00
329	Customer 329	customer329@gmail.com	Chennai	2026-06-03T14:19:00.034230+01:00
330	Customer 330	customer330@gmail.com	Trichy	2026-06-03T14:20:00.034230+01:00
331	Customer 331	customer331@gmail.com	Chennai	2026-06-03T14:21:00.034230+01:00
332	Customer 332	customer332@gmail.com	Coimbatore	2026-06-03T14:22:00.034230+01:00
333	Customer 333	customer333@gmail.com	Trichy	2026-06-03T14:23:00.034230+01:00
334	Customer 334	customer334@gmail.com	Coimbatore	2026-06-03T14:24:00.034230+01:00
335	Customer 335	customer335@gmail.com	Chennai	2026-06-03T14:25:00.034230+01:00
336	Customer 336	customer336@gmail.com	Chennai	2026-06-03T14:26:00.034230+01:00
337	Customer 337	customer337@gmail.com	Trichy	2026-06-03T14:27:00.034230+01:00
338	Customer 338	customer338@gmail.com	Madurai	2026-06-03T14:28:00.034230+01:00
339	Customer 339	customer339@gmail.com	Madurai	2026-06-03T14:29:00.034230+01:00
340	Customer 340	customer340@gmail.com	Coimbatore	2026-06-03T14:30:00.034230+01:00
341	Customer 341	customer341@gmail.com	Chennai	2026-06-03T14:31:00.034230+01:00
342	Customer 342	customer342@gmail.com	Coimbatore	2026-06-03T14:32:00.034230+01:00
343	Customer 343	customer343@gmail.com	Trichy	2026-06-03T14:33:00.034230+01:00
344	Customer 344	customer344@gmail.com	Chennai	2026-06-03T14:34:00.034230+01:00
345	Customer 345	customer345@gmail.com	Coimbatore	2026-06-03T14:35:00.034230+01:00
346	Customer 346	customer346@gmail.com	Madurai	2026-06-03T14:36:00.034230+01:00
347	Customer 347	customer347@gmail.com	Trichy	2026-06-03T14:37:00.034230+01:00
348	Customer 348	customer348@gmail.com	Coimbatore	2026-06-03T14:38:00.034230+01:00
349	Customer 349	customer349@gmail.com	Chennai	2026-06-03T14:39:00.034230+01:00
350	Customer 350	customer350@gmail.com	Trichy	2026-06-03T14:40:00.034230+01:00
351	Customer 351	customer351@gmail.com	Madurai	2026-06-03T14:41:00.034230+01:00
352	Customer 352	customer352@gmail.com	Coimbatore	2026-06-03T14:42:00.034230+01:00
353	Customer 353	customer353@gmail.com	Madurai	2026-06-03T14:43:00.034230+01:00
354	Customer 354	customer354@gmail.com	Madurai	2026-06-03T14:44:00.034230+01:00
355	Customer 355	customer355@gmail.com	Coimbatore	2026-06-03T14:45:00.034230+01:00
356	Customer 356	customer356@gmail.com	Trichy	2026-06-03T14:46:00.034230+01:00
357	Customer 357	customer357@gmail.com	Coimbatore	2026-06-03T14:47:00.034230+01:00
358	Customer 358	customer358@gmail.com	Trichy	2026-06-03T14:48:00.034230+01:00
359	Customer 359	customer359@gmail.com	Trichy	2026-06-03T14:49:00.034230+01:00
360	Customer 360	customer360@gmail.com	Coimbatore	2026-06-03T14:50:00.034230+01:00
361	Customer 361	customer361@gmail.com	Madurai	2026-06-03T14:51:00.034230+01:00
362	Customer 362	customer362@gmail.com	Madurai	2026-06-03T14:52:00.034230+01:00
363	Customer 363	customer363@gmail.com	Chennai	2026-06-03T14:53:00.034230+01:00
364	Customer 364	customer364@gmail.com	Trichy	2026-06-03T14:54:00.034230+01:00
365	Customer 365	customer365@gmail.com	Coimbatore	2026-06-03T14:55:00.034230+01:00
366	Customer 366	customer366@gmail.com	Madurai	2026-06-03T14:56:00.034230+01:00
367	Customer 367	customer367@gmail.com	Trichy	2026-06-03T14:57:00.034230+01:00
368	Customer 368	customer368@gmail.com	Trichy	2026-06-03T14:58:00.034230+01:00
369	Customer 369	customer369@gmail.com	Madurai	2026-06-03T14:59:00.034230+01:00
370	Customer 370	customer370@gmail.com	Trichy	2026-06-03T15:00:00.034230+01:00
371	Customer 371	customer371@gmail.com	Trichy	2026-06-03T13:01:00.034230+01:00
372	Customer 372	customer372@gmail.com	Trichy	2026-06-03T13:02:00.034230+01:00
373	Customer 373	customer373@gmail.com	Coimbatore	2026-06-03T13:03:00.034230+01:00
374	Customer 374	customer374@gmail.com	Chennai	2026-06-03T13:04:00.034230+01:00
375	Customer 375	customer375@gmail.com	Trichy	2026-06-03T13:05:00.034230+01:00
376	Customer 376	customer376@gmail.com	Chennai	2026-06-03T13:06:00.034230+01:00
377	Customer 377	customer377@gmail.com	Coimbatore	2026-06-03T13:07:00.034230+01:00
378	Customer 378	customer378@gmail.com	Trichy	2026-06-03T13:08:00.034230+01:00
379	Customer 379	customer379@gmail.com	Chennai	2026-06-03T13:09:00.034230+01:00
380	Customer 380	customer380@gmail.com	Chennai	2026-06-03T13:10:00.034230+01:00
381	Customer 381	customer381@gmail.com	Madurai	2026-06-03T13:11:00.034230+01:00
382	Customer 382	customer382@gmail.com	Coimbatore	2026-06-03T13:12:00.034230+01:00
383	Customer 383	customer383@gmail.com	Coimbatore	2026-06-03T13:13:00.034230+01:00
384	Customer 384	customer384@gmail.com	Madurai	2026-06-03T13:14:00.034230+01:00
385	Customer 385	customer385@gmail.com	Madurai	2026-06-03T13:15:00.034230+01:00
386	Customer 386	customer386@gmail.com	Chennai	2026-06-03T13:16:00.034230+01:00
387	Customer 387	customer387@gmail.com	Trichy	2026-06-03T13:17:00.034230+01:00
388	Customer 388	customer388@gmail.com	Coimbatore	2026-06-03T13:18:00.034230+01:00
389	Customer 389	customer389@gmail.com	Madurai	2026-06-03T13:19:00.034230+01:00
390	Customer 390	customer390@gmail.com	Trichy	2026-06-03T13:20:00.034230+01:00
391	Customer 391	customer391@gmail.com	Coimbatore	2026-06-03T13:21:00.034230+01:00
392	Customer 392	customer392@gmail.com	Trichy	2026-06-03T13:22:00.034230+01:00
393	Customer 393	customer393@gmail.com	Trichy	2026-06-03T13:23:00.034230+01:00
394	Customer 394	customer394@gmail.com	Madurai	2026-06-03T13:24:00.034230+01:00
395	Customer 395	customer395@gmail.com	Madurai	2026-06-03T13:25:00.034230+01:00
396	Customer 396	customer396@gmail.com	Chennai	2026-06-03T13:26:00.034230+01:00
397	Customer 397	customer397@gmail.com	Chennai	2026-06-03T13:27:00.034230+01:00
398	Customer 398	customer398@gmail.com	Madurai	2026-06-03T13:28:00.034230+01:00
399	Customer 399	customer399@gmail.com	Coimbatore	2026-06-03T13:29:00.034230+01:00
400	Customer 400	customer400@gmail.com	Chennai	2026-06-03T13:30:00.034230+01:00
401	Customer 401	customer401@gmail.com	Madurai	2026-06-03T13:31:00.034230+01:00
402	Customer 402	customer402@gmail.com	Coimbatore	2026-06-03T13:32:00.034230+01:00
403	Customer 403	customer403@gmail.com	Coimbatore	2026-06-03T13:33:00.034230+01:00
404	Customer 404	customer404@gmail.com	Chennai	2026-06-03T13:34:00.034230+01:00
405	Customer 405	customer405@gmail.com	Coimbatore	2026-06-03T13:35:00.034230+01:00
406	Customer 406	customer406@gmail.com	Coimbatore	2026-06-03T13:36:00.034230+01:00
407	Customer 407	customer407@gmail.com	Coimbatore	2026-06-03T13:37:00.034230+01:00
408	Customer 408	customer408@gmail.com	Coimbatore	2026-06-03T13:38:00.034230+01:00
409	Customer 409	customer409@gmail.com	Chennai	2026-06-03T13:39:00.034230+01:00
410	Customer 410	customer410@gmail.com	Trichy	2026-06-03T13:40:00.034230+01:00
411	Customer 411	customer411@gmail.com	Coimbatore	2026-06-03T13:41:00.034230+01:00
412	Customer 412	customer412@gmail.com	Chennai	2026-06-03T13:42:00.034230+01:00
413	Customer 413	customer413@gmail.com	Coimbatore	2026-06-03T13:43:00.034230+01:00
414	Customer 414	customer414@gmail.com	Chennai	2026-06-03T13:44:00.034230+01:00
415	Customer 415	customer415@gmail.com	Trichy	2026-06-03T13:45:00.034230+01:00
416	Customer 416	customer416@gmail.com	Madurai	2026-06-03T13:46:00.034230+01:00
417	Customer 417	customer417@gmail.com	Trichy	2026-06-03T13:47:00.034230+01:00
418	Customer 418	customer418@gmail.com	Coimbatore	2026-06-03T13:48:00.034230+01:00
419	Customer 419	customer419@gmail.com	Chennai	2026-06-03T13:49:00.034230+01:00
420	Customer 420	customer420@gmail.com	Madurai	2026-06-03T13:50:00.034230+01:00
421	Customer 421	customer421@gmail.com	Trichy	2026-06-03T13:51:00.034230+01:00
422	Customer 422	customer422@gmail.com	Trichy	2026-06-03T13:52:00.034230+01:00
423	Customer 423	customer423@gmail.com	Coimbatore	2026-06-03T13:53:00.034230+01:00
424	Customer 424	customer424@gmail.com	Trichy	2026-06-03T13:54:00.034230+01:00
425	Customer 425	customer425@gmail.com	Madurai	2026-06-03T13:55:00.034230+01:00
426	Customer 426	customer426@gmail.com	Chennai	2026-06-03T13:56:00.034230+01:00
427	Customer 427	customer427@gmail.com	Coimbatore	2026-06-03T13:57:00.034230+01:00
428	Customer 428	customer428@gmail.com	Chennai	2026-06-03T13:58:00.034230+01:00
429	Customer 429	customer429@gmail.com	Trichy	2026-06-03T13:59:00.034230+01:00
430	Customer 430	customer430@gmail.com	Chennai	2026-06-03T14:00:00.034230+01:00
431	Customer 431	customer431@gmail.com	Madurai	2026-06-03T14:01:00.034230+01:00
432	Customer 432	customer432@gmail.com	Chennai	2026-06-03T14:02:00.034230+01:00
433	Customer 433	customer433@gmail.com	Coimbatore	2026-06-03T14:03:00.034230+01:00
434	Customer 434	customer434@gmail.com	Coimbatore	2026-06-03T14:04:00.034230+01:00
435	Customer 435	customer435@gmail.com	Trichy	2026-06-03T14:05:00.034230+01:00
436	Customer 436	customer436@gmail.com	Chennai	2026-06-03T14:06:00.034230+01:00
437	Customer 437	customer437@gmail.com	Chennai	2026-06-03T14:07:00.034230+01:00
438	Customer 438	customer438@gmail.com	Chennai	2026-06-03T14:08:00.034230+01:00
439	Customer 439	customer439@gmail.com	Madurai	2026-06-03T14:09:00.034230+01:00
440	Customer 440	customer440@gmail.com	Coimbatore	2026-06-03T14:10:00.034230+01:00
441	Customer 441	customer441@gmail.com	Trichy	2026-06-03T14:11:00.034230+01:00
442	Customer 442	customer442@gmail.com	Chennai	2026-06-03T14:12:00.034230+01:00
443	Customer 443	customer443@gmail.com	Trichy	2026-06-03T14:13:00.034230+01:00
444	Customer 444	customer444@gmail.com	Madurai	2026-06-03T14:14:00.034230+01:00
445	Customer 445	customer445@gmail.com	Chennai	2026-06-03T14:15:00.034230+01:00
446	Customer 446	customer446@gmail.com	Madurai	2026-06-03T14:16:00.034230+01:00
447	Customer 447	customer447@gmail.com	Trichy	2026-06-03T14:17:00.034230+01:00
448	Customer 448	customer448@gmail.com	Chennai	2026-06-03T14:18:00.034230+01:00
449	Customer 449	customer449@gmail.com	Trichy	2026-06-03T14:19:00.034230+01:00
450	Customer 450	customer450@gmail.com	Madurai	2026-06-03T14:20:00.034230+01:00
451	Customer 451	customer451@gmail.com	Coimbatore	2026-06-03T14:21:00.034230+01:00
452	Customer 452	customer452@gmail.com	Trichy	2026-06-03T14:22:00.034230+01:00
453	Customer 453	customer453@gmail.com	Chennai	2026-06-03T14:23:00.034230+01:00
454	Customer 454	customer454@gmail.com	Chennai	2026-06-03T14:24:00.034230+01:00
455	Customer 455	customer455@gmail.com	Madurai	2026-06-03T14:25:00.034230+01:00
456	Customer 456	customer456@gmail.com	Chennai	2026-06-03T14:26:00.034230+01:00
457	Customer 457	customer457@gmail.com	Madurai	2026-06-03T14:27:00.034230+01:00
458	Customer 458	customer458@gmail.com	Trichy	2026-06-03T14:28:00.034230+01:00
459	Customer 459	customer459@gmail.com	Chennai	2026-06-03T14:29:00.034230+01:00
460	Customer 460	customer460@gmail.com	Trichy	2026-06-03T14:30:00.034230+01:00
461	Customer 461	customer461@gmail.com	Coimbatore	2026-06-03T14:31:00.034230+01:00
462	Customer 462	customer462@gmail.com	Chennai	2026-06-03T14:32:00.034230+01:00
463	Customer 463	customer463@gmail.com	Chennai	2026-06-03T14:33:00.034230+01:00
464	Customer 464	customer464@gmail.com	Chennai	2026-06-03T14:34:00.034230+01:00
465	Customer 465	customer465@gmail.com	Madurai	2026-06-03T14:35:00.034230+01:00
466	Customer 466	customer466@gmail.com	Coimbatore	2026-06-03T14:36:00.034230+01:00
467	Customer 467	customer467@gmail.com	Chennai	2026-06-03T14:37:00.034230+01:00
468	Customer 468	customer468@gmail.com	Chennai	2026-06-03T14:38:00.034230+01:00
469	Customer 469	customer469@gmail.com	Trichy	2026-06-03T14:39:00.034230+01:00
470	Customer 470	customer470@gmail.com	Chennai	2026-06-03T14:40:00.034230+01:00
471	Customer 471	customer471@gmail.com	Chennai	2026-06-03T14:41:00.034230+01:00
472	Customer 472	customer472@gmail.com	Trichy	2026-06-03T14:42:00.034230+01:00
473	Customer 473	customer473@gmail.com	Chennai	2026-06-03T14:43:00.034230+01:00
474	Customer 474	customer474@gmail.com	Coimbatore	2026-06-03T14:44:00.034230+01:00
475	Customer 475	customer475@gmail.com	Coimbatore	2026-06-03T14:45:00.034230+01:00
476	Customer 476	customer476@gmail.com	Coimbatore	2026-06-03T14:46:00.034230+01:00
477	Customer 477	customer477@gmail.com	Madurai	2026-06-03T14:47:00.034230+01:00
478	Customer 478	customer478@gmail.com	Coimbatore	2026-06-03T14:48:00.034230+01:00
479	Customer 479	customer479@gmail.com	Coimbatore	2026-06-03T14:49:00.034230+01:00
480	Customer 480	customer480@gmail.com	Chennai	2026-06-03T14:50:00.034230+01:00
481	Customer 481	customer481@gmail.com	Madurai	2026-06-03T14:51:00.034230+01:00
482	Customer 482	customer482@gmail.com	Trichy	2026-06-03T14:52:00.034230+01:00
483	Customer 483	customer483@gmail.com	Madurai	2026-06-03T14:53:00.034230+01:00
484	Customer 484	customer484@gmail.com	Chennai	2026-06-03T14:54:00.034230+01:00
485	Customer 485	customer485@gmail.com	Chennai	2026-06-03T14:55:00.034230+01:00
486	Customer 486	customer486@gmail.com	Madurai	2026-06-03T14:56:00.034230+01:00
487	Customer 487	customer487@gmail.com	Trichy	2026-06-03T14:57:00.034230+01:00
488	Customer 488	customer488@gmail.com	Trichy	2026-06-03T14:58:00.034230+01:00
489	Customer 489	customer489@gmail.com	Trichy	2026-06-03T14:59:00.034230+01:00
490	Customer 490	customer490@gmail.com	Trichy	2026-06-03T15:00:00.034230+01:00
491	Customer 491	customer491@gmail.com	Trichy	2026-06-03T13:01:00.034230+01:00
492	Customer 492	customer492@gmail.com	Madurai	2026-06-03T13:02:00.034230+01:00
493	Customer 493	customer493@gmail.com	Coimbatore	2026-06-03T13:03:00.034230+01:00
494	Customer 494	customer494@gmail.com	Trichy	2026-06-03T13:04:00.034230+01:00
495	Customer 495	customer495@gmail.com	Chennai	2026-06-03T13:05:00.034230+01:00
496	Customer 496	customer496@gmail.com	Coimbatore	2026-06-03T13:06:00.034230+01:00
497	Customer 497	customer497@gmail.com	Trichy	2026-06-03T13:07:00.034230+01:00
498	Customer 498	customer498@gmail.com	Madurai	2026-06-03T13:08:00.034230+01:00
499	Customer 499	customer499@gmail.com	Coimbatore	2026-06-03T13:09:00.034230+01:00
500	Customer 500	customer500@gmail.com	Madurai	2026-06-03T13:10:00.034230+01:00
